{
  "churn_threshold": 0.443,
  "high_risk_threshold": 0.8,
  "accuracy": 0.7026259758694109,
  "precision": 0.4675324675324675,
  "recall": 0.8663101604278075,
  "f1": 0.6073102155576382,
  "roc_auc": 0.844922369474799,
  "average_precision": 0.6580112488135013,
  "confusion_matrix": [
    [
      666,
      369
    ],
    [
      50,
      324
    ]
  ],
  "confusion_matrix_breakdown": {
    "true_no_churn": 666,
    "false_churn_alerts": 369,
    "missed_churn_customers": 50,
    "correctly_identified_churn": 324
  },
  "churn_focus": {
    "actual_churn_customers": 374,
    "actual_no_churn_customers": 1035,
    "predicted_churn_customers": 693,
    "predicted_no_churn_customers": 716,
    "correctly_identified_churn": 324,
    "missed_churn_customers": 50,
    "false_churn_alerts": 369,
    "true_no_churn": 666,
    "churn_capture_rate_recall": 0.8663101604278075,
    "churn_alert_precision": 0.4675324675324675,
    "churn_miss_rate": 0.13368983957219252,
    "false_alarm_rate": 0.3565217391304348,
    "predicted_churn_rate": 0.4918381831085876,
    "actual_churn_rate": 0.2654364797728886
  },
  "risk_tier_summary": [
    {
      "risk_level": "Low Risk",
      "total_customers": 716,
      "actual_churners": 50,
      "actual_non_churners": 666,
      "actual_churn_rate": 0.06983240223463687,
      "share_of_test_customers": 0.5081618168914124,
      "share_of_actual_churners": 0.13368983957219252,
      "avg_churn_probability": 0.23438067604064905,
      "min_churn_probability": 0.06287768859975217,
      "max_churn_probability": 0.4420829680890173
    },
    {
      "risk_level": "Moderate Risk",
      "total_customers": 538,
      "actual_churners": 217,
      "actual_non_churners": 321,
      "actual_churn_rate": 0.4033457249070632,
      "share_of_test_customers": 0.38183108587650816,
      "share_of_actual_churners": 0.5802139037433155,
      "avg_churn_probability": 0.6033634855661469,
      "min_churn_probability": 0.4435859612982254,
      "max_churn_probability": 0.7999843756366172
    },
    {
      "risk_level": "High Risk",
      "total_customers": 155,
      "actual_churners": 107,
      "actual_non_churners": 48,
      "actual_churn_rate": 0.6903225806451613,
      "share_of_test_customers": 0.11000709723207949,
      "share_of_actual_churners": 0.28609625668449196,
      "avg_churn_probability": 0.8710179230084096,
      "min_churn_probability": 0.8009281001603603,
      "max_churn_probability": 0.9709057165427987
    }
  ],
  "threshold_metrics": [
    {
      "threshold": 0.1,
      "accuracy": 0.3321504613200852,
      "precision": 0.2840822543792841,
      "recall": 0.9973262032085561,
      "f1": 0.44220509780675754,
      "predicted_churn_customers": 1313,
      "correctly_identified_churn": 373,
      "missed_churn_customers": 1,
      "false_churn_alerts": 940,
      "true_no_churn": 95,
      "predicted_churn_rate": 0.9318665720369056,
      "churn_miss_rate": 0.00267379679144385
    },
    {
      "threshold": 0.15,
      "accuracy": 0.41305890702625975,
      "precision": 0.3107769423558897,
      "recall": 0.9946524064171123,
      "f1": 0.47358370464672184,
      "predicted_churn_customers": 1197,
      "correctly_identified_churn": 372,
      "missed_churn_customers": 2,
      "false_churn_alerts": 825,
      "true_no_churn": 210,
      "predicted_churn_rate": 0.8495386799148332,
      "churn_miss_rate": 0.0053475935828877
    },
    {
      "threshold": 0.2,
      "accuracy": 0.46557842441447833,
      "precision": 0.33065236818588023,
      "recall": 0.9893048128342246,
      "f1": 0.4956463496316142,
      "predicted_churn_customers": 1119,
      "correctly_identified_churn": 370,
      "missed_churn_customers": 4,
      "false_churn_alerts": 749,
      "true_no_churn": 286,
      "predicted_churn_rate": 0.794180269694819,
      "churn_miss_rate": 0.0106951871657754
    },
    {
      "threshold": 0.25,
      "accuracy": 0.5393896380411639,
      "precision": 0.3639960435212661,
      "recall": 0.983957219251337,
      "f1": 0.5314079422382672,
      "predicted_churn_customers": 1011,
      "correctly_identified_churn": 368,
      "missed_churn_customers": 6,
      "false_churn_alerts": 643,
      "true_no_churn": 392,
      "predicted_churn_rate": 0.7175301632363378,
      "churn_miss_rate": 0.016042780748663103
    },
    {
      "threshold": 0.3,
      "accuracy": 0.5982966643009227,
      "precision": 0.394273127753304,
      "recall": 0.9572192513368984,
      "f1": 0.5585023400936038,
      "predicted_churn_customers": 908,
      "correctly_identified_churn": 358,
      "missed_churn_customers": 16,
      "false_churn_alerts": 550,
      "true_no_churn": 485,
      "predicted_churn_rate": 0.6444286728176012,
      "churn_miss_rate": 0.0427807486631016
    },
    {
      "threshold": 0.35,
      "accuracy": 0.6415897799858056,
      "precision": 0.4204131227217497,
      "recall": 0.9251336898395722,
      "f1": 0.5781119465329991,
      "predicted_churn_customers": 823,
      "correctly_identified_churn": 346,
      "missed_churn_customers": 28,
      "false_churn_alerts": 477,
      "true_no_churn": 558,
      "predicted_churn_rate": 0.5841022001419447,
      "churn_miss_rate": 0.0748663101604278
    },
    {
      "threshold": 0.4,
      "accuracy": 0.6749467707594038,
      "precision": 0.4441489361702128,
      "recall": 0.893048128342246,
      "f1": 0.5932504440497336,
      "predicted_churn_customers": 752,
      "correctly_identified_churn": 334,
      "missed_churn_customers": 40,
      "false_churn_alerts": 418,
      "true_no_churn": 617,
      "predicted_churn_rate": 0.5337118523775728,
      "churn_miss_rate": 0.10695187165775401
    },
    {
      "threshold": 0.443,
      "accuracy": 0.7026259758694109,
      "precision": 0.4675324675324675,
      "recall": 0.8663101604278075,
      "f1": 0.6073102155576382,
      "predicted_churn_customers": 693,
      "correctly_identified_churn": 324,
      "missed_churn_customers": 50,
      "false_churn_alerts": 369,
      "true_no_churn": 666,
      "predicted_churn_rate": 0.4918381831085876,
      "churn_miss_rate": 0.13368983957219252
    },
    {
      "threshold": 0.45,
      "accuracy": 0.7054648687012065,
      "precision": 0.47016011644832606,
      "recall": 0.8636363636363636,
      "f1": 0.6088595664467483,
      "predicted_churn_customers": 687,
      "correctly_identified_churn": 323,
      "missed_churn_customers": 51,
      "false_churn_alerts": 364,
      "true_no_churn": 671,
      "predicted_churn_rate": 0.48757984386089426,
      "churn_miss_rate": 0.13636363636363635
    },
    {
      "threshold": 0.5,
      "accuracy": 0.7395315826827538,
      "precision": 0.5058430717863105,
      "recall": 0.8101604278074866,
      "f1": 0.6228160328879754,
      "predicted_churn_customers": 599,
      "correctly_identified_churn": 303,
      "missed_churn_customers": 71,
      "false_churn_alerts": 296,
      "true_no_churn": 739,
      "predicted_churn_rate": 0.4251242015613911,
      "churn_miss_rate": 0.18983957219251338
    },
    {
      "threshold": 0.6,
      "accuracy": 0.7920511000709723,
      "precision": 0.5971223021582733,
      "recall": 0.6657754010695187,
      "f1": 0.629582806573957,
      "predicted_churn_customers": 417,
      "correctly_identified_churn": 249,
      "missed_churn_customers": 125,
      "false_churn_alerts": 168,
      "true_no_churn": 867,
      "predicted_churn_rate": 0.29595457771469125,
      "churn_miss_rate": 0.3342245989304813
    },
    {
      "threshold": 0.7,
      "accuracy": 0.8019872249822569,
      "precision": 0.6806083650190115,
      "recall": 0.4786096256684492,
      "f1": 0.5620094191522763,
      "predicted_churn_customers": 263,
      "correctly_identified_churn": 179,
      "missed_churn_customers": 195,
      "false_churn_alerts": 84,
      "true_no_churn": 951,
      "predicted_churn_rate": 0.18665720369056069,