{
  "accuracy": 0.7388218594748048,
  "precision": 0.5051369863013698,
  "recall": 0.7887700534759359,
  "f1": 0.615866388308977,
  "roc_auc": 0.8420961533493503,
  "average_precision": 0.6361373184961211,
  "confusion_matrix": [
    [
      746,
      289
    ],
    [
      79,
      295
    ]
  ],
  "confusion_matrix_breakdown": {
    "true_no_churn": 746,
    "false_churn_alerts": 289,
    "missed_churn_customers": 79,
    "correctly_identified_churn": 295
  },
  "churn_focus": {
    "actual_churn_customers": 374,
    "actual_no_churn_customers": 1035,
    "predicted_churn_customers": 584,
    "predicted_no_churn_customers": 825,
    "correctly_identified_churn": 295,
    "missed_churn_customers": 79,
    "false_churn_alerts": 289,
    "true_no_churn": 746,
    "churn_capture_rate_recall": 0.7887700534759359,
    "churn_alert_precision": 0.5051369863013698,
    "churn_miss_rate": 0.21122994652406418,
    "false_alarm_rate": 0.2792270531400966,
    "predicted_churn_rate": 0.41447835344215755,
    "actual_churn_rate": 0.2654364797728886
  },
  "risk_tier_summary": [
    {
      "risk_level": "Low Risk",
      "total_customers": 825,
      "actual_churners": 79,
      "actual_non_churners": 746,
      "actual_churn_rate": 0.09575757575757576,
      "share_of_test_customers": 0.5855216465578424,
      "share_of_actual_churners": 0.21122994652406418,
      "avg_churn_probability": 0.1929303542014835,
      "min_churn_probability": 0.006892780838391421,
      "max_churn_probability": 0.49926082927873844
    },
    {
      "risk_level": "Moderate Risk",
      "total_customers": 377,
      "actual_churners": 148,
      "actual_non_churners": 229,
      "actual_churn_rate": 0.3925729442970822,
      "share_of_test_customers": 0.2675656493967353,
      "share_of_actual_churners": 0.39572192513368987,
      "avg_churn_probability": 0.6665060243715436,
      "min_churn_probability": 0.502101830886495,
      "max_churn_probability": 0.7999318943713885
    },
    {
      "risk_level": "High Risk",
      "total_customers": 207,
      "actual_churners": 147,
      "actual_non_churners": 60,
      "actual_churn_rate": 0.7101449275362319,
      "share_of_test_customers": 0.14691270404542228,
      "share_of_actual_churners": 0.393048128342246,
      "avg_churn_probability": 0.854925389465528,
      "min_churn_probability": 0.8003274259706195,
      "max_churn_probability": 0.9360494176307919
    }
  ],
  "threshold_metrics": [
    {
      "threshold": 0.3,
      "accuracy": 0.6543647977288858,
      "precision": 0.42998760842627015,
      "recall": 0.9278074866310161,
      "f1": 0.5876375952582558,
      "predicted_churn_customers": 807,
      "correctly_identified_churn": 347,
      "missed_churn_customers": 27,
      "false_churn_alerts": 460,
      "true_no_churn": 575,
      "predicted_churn_rate": 0.5727466288147622,
      "churn_miss_rate": 0.07219251336898395
    },
    {
      "threshold": 0.4,
      "accuracy": 0.6997870830376153,
      "precision": 0.4648493543758967,
      "recall": 0.8663101604278075,
      "f1": 0.6050420168067226,
      "predicted_churn_customers": 697,
      "correctly_identified_churn": 324,
      "missed_churn_customers": 50,
      "false_churn_alerts": 373,
      "true_no_churn": 662,
      "predicted_churn_rate": 0.49467707594038324,
      "churn_miss_rate": 0.13368983957219252
    },
    {
      "threshold": 0.5,
      "accuracy": 0.7388218594748048,
      "precision": 0.5051369863013698,
      "recall": 0.7887700534759359,
      "f1": 0.615866388308977,
      "predicted_churn_customers": 584,
      "correctly_identified_churn": 295,
      "missed_churn_customers": 79,
      "false_churn_alerts": 289,
      "true_no_churn": 746,
      "predicted_churn_rate": 0.41447835344215755,
      "churn_miss_rate": 0.21122994652406418
    },
    {
      "threshold": 0.6,
      "accuracy": 0.7643718949609652,
      "precision": 0.5433884297520661,
      "recall": 0.7032085561497327,
      "f1": 0.6130536130536131,
      "predicted_churn_customers": 484,
      "correctly_identified_churn": 263,
      "missed_churn_customers": 111,
      "false_churn_alerts": 221,
      "true_no_churn": 814,
      "predicted_churn_rate": 0.3435060326472676,
      "churn_miss_rate": 0.2967914438502674
    },
    {
      "threshold": 0.7,
      "accuracy": 0.7977288857345636,
      "precision": 0.6212534059945504,
      "recall": 0.6096256684491979,
      "f1": 0.6153846153846154,
      "predicted_churn_customers": 367,
      "correctly_identified_churn": 228,
      "missed_churn_customers": 146,
      "false_churn_alerts": 139,
      "true_no_churn": 896,
      "predicted_churn_rate": 0.2604684173172463,
      "churn_miss_rate": 0.39037433155080214
    },
    {
      "threshold": 0.8,
      "accuracy": 0.7963094393186657,
      "precision": 0.7101449275362319,
      "recall": 0.393048128342246,
      "f1": 0.5060240963855421,
      "predicted_churn_customers": 207,
      "correctly_identified_churn": 147,
      "missed_churn_customers": 227,
      "false_churn_alerts": 60,
      "true_no_churn": 975,
      "predicted_churn_rate": 0.14691270404542228,
      "churn_miss_rate": 0.606951871657754
    }
  ],
  "classification_report": {
    "No Churn": {
      "precision": 0.9042424242424243,
      "recall": 0.7207729468599033,
      "f1-score": 0.8021505376344086,
      "support": 1035.0
    },
    "Churn": {
      "precision": 0.5051369863013698,
      "recall": 0.7887700534759359,
      "f1-score": 0.615866388308977,
      "support": 374.0
    },
    "accuracy": 0.7388218594748048,
    "macro avg": {
      "precision": 0.704689705271897,
      "recall": 0.7547715001679196,
      "f1-score": 0.7090084629716928,
      "support": 1409.0
    },
    "weighted avg": {
      "precision": 0.7983052817371338,
      "recall": 0.7388218594748048,
      "f1-score": 0.752703928799979,
      "support": 1409.0
    }
  },
  "best_cv_score": 0.8020056176610248,
  "best_params": {
    "classifier": "LogisticRegression",
    "classifier__C": 0.3,
    "classifier__class_weight": "balanced",
    "classifier__penalty": "l1"
  },
  "scoring": "recall",
  "train_rows": 5634,
  "test_rows": 1409
}