risk_level,total_customers,actual_churners,actual_non_churners,actual_churn_rate,share_of_test_customers,share_of_actual_churners,avg_churn_probability,min_churn_probability,max_churn_probability
Low Risk,825,79,746,0.09575757575757576,0.5855216465578424,0.21122994652406418,0.1929303542014835,0.006892780838391421,0.49926082927873844
Moderate Risk,377,148,229,0.3925729442970822,0.2675656493967353,0.39572192513368987,0.6665060243715436,0.502101830886495,0.7999318943713885
High Risk,207,147,60,0.7101449275362319,0.14691270404542228,0.393048128342246,0.854925389465528,0.8003274259706195,0.9360494176307919
